model_type,feature_variant,config_name,target_mode,feature_count,best_iteration,validation_MAE,validation_RMSE,validation_R2
xgboost,trusted_recommended_features,random_search_053,raw,67,890,20.53248536204219,50.67159662784633,0.9920129659276814
xgboost,trusted_recommended_features_without_date_offsets,random_search_053,raw,66,1140,20.892339997548476,50.199436316433584,0.992161119560863
xgboost,trusted_extended_traficom_stack,random_search_053,raw,62,542,21.465722218993996,52.26911304690628,0.991501415033805
xgboost,trusted_registry_lifecycle_stack,random_search_053,raw,40,908,21.600197296413608,55.82459871677303,0.990305898127299
xgboost,trusted_manual_all_features_usable_by_xgboost,random_search_053,raw,63,471,21.664080210675003,51.487747144206736,0.9917536049027558
xgboost,trusted_recommended_features_without_date_offsets,random_search_054,raw,66,1371,21.85972856122972,51.43199464121781,0.9917714541299312
xgboost,trusted_extended_traficom_stack,random_search_017,raw,62,597,21.88922677274425,53.265297764061046,0.9911743829782813
xgboost,trusted_recommended_features,random_search_054,raw,67,1977,21.898196743591928,52.4884163919594,0.9914299511091416
xgboost,trusted_recommended_features_without_date_offsets_without_oem_number,random_search_053,raw,65,1683,22.22379629204018,56.214543792895334,0.9901699949605469
xgboost,trusted_recommended_features_without_date_offsets_without_oem_number,random_search_054,raw,65,1495,22.252180910082245,54.25671339491495,0.9908427868123841
xgboost,trusted_recommended_features_without_date_offsets_without_oem_number,random_search_017,raw,65,1347,22.252577862646397,58.41705672539007,0.9893846161447266
xgboost,trusted_manual_all_features_usable_by_xgboost,random_search_017,raw,63,321,22.346382839458098,54.183198441519664,0.9908675850719515
xgboost,trusted_recommended_features_without_date_offsets,random_search_058,log,66,270,22.507224242465615,81.99313151211895,0.9790872422647618
xgboost,trusted_registry_lifecycle_stack,random_search_017,raw,40,326,22.663010528907755,55.728118217186804,0.9903393774031188
xgboost,trusted_recommended_features,random_search_017,raw,67,510,22.865034404458772,54.60914577115744,0.9907234364170485
xgboost,trusted_extended_traficom_stack,random_search_054,raw,62,1020,22.91765266269393,54.56938904399705,0.9907369386080295
xgboost,trusted_recommended_features_without_date_offsets,random_search_017,raw,66,538,22.99359581486017,55.56979227538232,0.9903941919023062
xgboost,trusted_recommended_features_without_date_offsets,random_search_021,log,66,1621,23.193475740904255,60.65068441141677,0.9885573195091665
xgboost,trusted_recommended_features_without_date_offsets_without_oem_number,random_search_065,raw,65,1033,23.274609194315705,54.5023031127321,0.9907597000547935
xgboost,trusted_manual_all_features_usable_by_xgboost,random_search_054,raw,63,840,23.366355260890785,54.922972674628376,0.9906165092603894
xgboost,trusted_recommended_features_without_date_offsets,random_search_065,raw,66,2369,23.597256961187856,52.22004920635509,0.991517362406611
xgboost,trusted_registry_lifecycle_stack_without_oem_number,random_search_058,log,39,468,23.647168817647486,79.69102636270705,0.9802450834261461
xgboost,trusted_recommended_features,random_search_065,raw,67,2369,23.666629920900753,52.4545633799992,0.9914410022487559
xgboost,trusted_registry_lifecycle_stack_without_oem_number,random_search_053,raw,39,246,23.71772449193021,57.25241507973713,0.9898036676717553
xgboost,trusted_recommended_features_without_date_offsets_without_oem_number,random_search_070,raw,65,2369,23.719598825927882,74.99504939658489,0.9825046936934108
xgboost,trusted_registry_lifecycle_stack_without_oem_number,random_search_054,raw,39,748,23.762964306250346,58.94745787609295,0.9891909750077378
xgboost,trusted_recommended_features_without_date_offsets_without_oem_number,random_search_071,raw,65,2574,23.8258058447468,56.99917609206183,0.9898936690552377
xgboost,trusted_registry_lifecycle_stack,random_search_054,raw,40,1389,23.835978226241025,57.958098235098255,0.989550762202119
xgboost,trusted_recommended_features,random_search_052,raw,67,914,23.86204671910559,54.926536256171346,0.9906152915579385
xgboost,trusted_recommended_features_without_date_offsets_without_oem_number,random_search_011,raw,65,2817,23.900220765497217,55.01796434351173,0.9905840228810429
xgboost,trusted_extended_traficom_stack,random_search_065,raw,62,2057,23.961506169501533,52.86218668681831,0.9913074618046507
xgboost,trusted_recommended_features_without_date_offsets_without_oem_number,random_search_015,raw,65,902,23.99380871697669,55.429740643880365,0.9904425496074835
xgboost,trusted_recommended_features_without_date_offsets,random_search_052,raw,66,788,24.025736973312497,54.671096765154495,0.9907023770027423
xgboost,trusted_recommended_features_without_date_offsets_without_oem_number,random_search_060,log,65,1084,24.15260352450441,60.82262289679005,0.9884923498913346
xgboost,trusted_recommended_features_without_date_offsets_without_oem_number,random_search_052,raw,65,1410,24.203241658817742,59.396633422113084,0.9890256193560891
xgboost,trusted_recommended_features_without_date_offsets,random_search_023,raw,66,1835,24.314109203277646,58.84435815554728,0.9892287521381194
xgboost,trusted_recommended_features_without_date_offsets_without_oem_number,raw_sqerror_reference,raw,65,1790,24.341299978722613,56.017565248366914,0.9902387639128244
xgboost,trusted_registry_lifecycle_stack,random_search_031,raw,40,2204,24.35903014052613,61.26197233413006,0.9883254994723187
xgboost,trusted_recommended_features_without_date_offsets_without_oem_number,random_search_061,raw,65,2558,24.364290626575567,55.28145014159011,0.9904936190618303
xgboost,trusted_recommended_features_without_date_offsets_without_oem_number,random_search_056,log,65,2187,24.36719426993513,94.16737360343842,0.9724159980370247
xgboost,trusted_manual_all_features_usable_by_xgboost,random_search_065,raw,63,2001,24.4114227511743,54.037628428669045,0.9909165899291138
xgboost,trusted_recommended_features_without_date_offsets_without_oem_number,random_search_021,log,65,852,24.571801862793567,62.45733585938672,0.9878654613288137
xgboost,trusted_registry_lifecycle_stack_without_oem_number,random_search_017,raw,39,183,24.572924389113613,62.14342170478685,0.9879871325707444
xgboost,trusted_recommended_features_without_date_offsets,random_search_019,raw,66,1828,24.581815567152116,53.12980942790282,0.9912192244569714
xgboost,trusted_recommended_features_without_date_offsets_without_oem_number,random_search_009,log,65,897,24.597202562251383,74.13144500690565,0.9829053075893397
xgboost,trusted_recommended_features,random_search_015,raw,67,1669,24.609552641575544,61.15139073983442,0.988367607804082
xgboost,trusted_recommended_features_without_date_offsets_without_oem_number,random_search_027,raw,65,2160,24.615675029675586,71.79306902131191,0.9839667561620676
xgboost,trusted_manual_all_features_usable_by_xgboost,random_search_022,log,63,154,24.641584950628832,65.85076346217055,0.9865110548603012
xgboost,trusted_registry_lifecycle_stack_without_oem_number,random_search_065,raw,39,1032,24.67395271224479,56.39291224081479,0.9901075148858632
xgboost,trusted_recommended_features_without_date_offsets_without_oem_number,random_search_022,log,65,688,24.726704320810253,63.89010115273679,0.9873023453526983
xgboost,trusted_recommended_features,random_search_019,raw,67,1838,24.731605359038497,53.72834295032432,0.991020270537453
xgboost,trusted_recommended_features,random_search_058,log,67,315,24.848354928537926,87.8817047826542,0.9759755582133113
xgboost,trusted_registry_lifecycle_stack_without_oem_number,random_search_021,log,39,658,24.869633379670336,63.13966288747098,0.9875988809407377
xgboost,trusted_recommended_features,random_search_022,log,67,147,24.88025450243571,71.11746472619996,0.984267096041858
xgboost,trusted_registry_lifecycle_stack,random_search_022,log,40,158,24.892064508751304,66.05465137986397,0.9864273962831315
xgboost,trusted_registry_lifecycle_stack_without_oem_number,random_search_060,log,39,692,24.925324708594097,65.42943240829757,0.9866831145142516
xgboost,trusted_recommended_features_without_date_offsets,random_search_015,raw,66,1662,24.93074303057294,64.13565997944373,0.9872045520135052
xgboost,trusted_recommended_features_without_date_offsets_without_oem_number,random_search_067,raw,65,1709,24.979916981707813,70.61704402199031,0.9844877273967338
xgboost,trusted_registry_lifecycle_stack_without_oem_number,random_search_071,raw,39,1406,25.01451745403102,59.513580358730465,0.9889823615619566
xgboost,trusted_recommended_features,random_search_060,log,67,785,25.032108572837092,71.15446039019298,0.9842507231122778
xgboost,trusted_extended_traficom_stack,random_search_060,log,62,606,25.042574354210338,72.9801912193282,0.9834321423927994
xgboost,trusted_registry_lifecycle_stack_without_oem_number,random_search_070,raw,39,2383,25.094294914936725,79.1844743918265,0.9804954274919622
xgboost,trusted_recommended_features_without_date_offsets,random_search_022,log,66,158,25.14520252963137,68.92323024401712,0.985222954643058
xgboost,trusted_registry_lifecycle_stack,random_search_011,raw,40,2806,25.156656480047246,55.85056142502837,0.9902968790328164
xgboost,trusted_recommended_features,random_search_021,log,67,1041,25.16401317925057,65.96398483637728,0.9864646301945158
xgboost,trusted_registry_lifecycle_stack_without_oem_number,random_search_059,log,39,1984,25.20101520907986,81.99698796141867,0.9790852750051866
xgboost,trusted_registry_lifecycle_stack_without_oem_number,random_search_022,log,39,150,25.205488818142307,62.924442308744304,0.9876832788328247
xgboost,trusted_extended_traficom_stack,random_search_022,log,62,150,25.20739911396302,68.72748593346365,0.9853067700740563
xgboost,trusted_recommended_features_without_date_offsets_without_oem_number,random_search_058,log,65,676,25.271959392032183,82.55233637215365,0.9788010135361058
xgboost,trusted_registry_lifecycle_stack,random_search_065,raw,40,2122,25.39564423818007,56.94638178489708,0.9899123819447504
xgboost,trusted_recommended_features,random_search_023,raw,67,1797,25.479387213535887,62.2925169200308,0.9879294206014626
xgboost,trusted_extended_traficom_stack,random_search_015,raw,62,787,25.502442405434177,59.536298849395045,0.9889739482925963
xgboost,trusted_recommended_features_without_date_offsets_without_oem_number,random_search_023,raw,65,983,25.509217015069357,59.60732995881514,0.9889476228439811
xgboost,trusted_registry_lifecycle_stack_without_oem_number,random_search_056,log,39,2182,25.51738699106941,93.91966039109546,0.9725609300715229
xgboost,trusted_extended_traficom_stack,random_search_021,log,62,1241,25.530238565798452,69.76704502603765,0.984858914313619
xgboost,trusted_registry_lifecycle_stack_without_oem_number,random_search_023,raw,39,868,25.569523442631436,62.633357322447935,0.9877969682032314
xgboost,trusted_recommended_features_without_date_offsets,random_search_060,log,66,932,25.60584124681001,72.24719808376128,0.983763277172008
xgboost,trusted_registry_lifecycle_stack,random_search_052,raw,40,548,25.661696735424993,59.404519766910006,0.9890227049318074
xgboost,trusted_recommended_features_without_date_offsets_without_oem_number,random_search_031,raw,65,2206,25.661911271379292,65.21271806590883,0.9867711843800214
xgboost,trusted_manual_all_features_usable_by_xgboost,random_search_031,raw,63,2166,25.66628264432267,71.67763346359384,0.9840182741852002
xgboost,trusted_manual_all_features_usable_by_xgboost,random_search_060,log,63,728,25.69613777056799,74.75551627385632,0.9826162747340177
xgboost,trusted_registry_lifecycle_stack_without_oem_number,random_search_061,raw,39,2235,25.705176258256547,57.58099005069096,0.9896862971377033
xgboost,trusted_registry_lifecycle_stack_without_oem_number,random_search_072,raw,39,1058,25.736056209132826,74.24915448886782,0.9828509769357899
xgboost,trusted_registry_lifecycle_stack,random_search_021,log,40,1062,25.780836898014773,70.8391996966063,0.9843899730918139
xgboost,trusted_extended_traficom_stack,random_search_071,raw,62,2574,25.788990341918296,61.67918206730913,0.9881659453321708
xgboost,trusted_registry_lifecycle_stack_without_oem_number,raw_sqerror_reference,raw,39,975,25.792906395848366,64.16325149641412,0.9871935402998497
xgboost,trusted_recommended_features_without_date_offsets,random_search_066,raw,66,1915,25.81888186159467,54.89748674566002,0.9906252156898154
xgboost,trusted_registry_lifecycle_stack_without_oem_number,random_search_019,raw,39,946,25.862934594524194,57.89777009629742,0.989572503943376
xgboost,trusted_registry_lifecycle_stack_without_oem_number,random_search_026,log,39,440,25.873781515567458,76.74479015519228,0.9816787894672803
xgboost,trusted_recommended_features_without_date_offsets_without_oem_number,random_search_019,raw,65,1808,25.907677021105663,54.91620786104836,0.9906188206304137
xgboost,trusted_registry_lifecycle_stack_without_oem_number,random_search_009,log,39,658,25.931109091600987,79.0718007771778,0.9805508951112608
xgboost,trusted_recommended_features,random_search_064,log,67,759,26.029016065082608,76.31300460464438,0.9818843690196324
xgboost,trusted_recommended_features_without_date_offsets,random_search_044,log,66,1120,26.03324436055412,73.90838537943722,0.9830080278022368
xgboost,trusted_recommended_features_without_date_offsets_without_oem_number,random_search_029,raw,65,1529,26.039880549971205,55.55836413095132,0.9903981424398135
xgboost,trusted_recommended_features,random_search_071,raw,67,2563,26.065441818643848,61.2149948637066,0.9883433973036495
xgboost,trusted_recommended_features,random_search_049,raw,67,1485,26.082627233095323,63.38541476426702,0.9875021579280746
xgboost,trusted_manual_all_features_usable_by_xgboost,random_search_015,raw,63,663,26.09796442152693,60.85352426709451,0.9884806538324171
xgboost,trusted_extended_traficom_stack,random_search_031,raw,62,1402,26.107726400317773,74.89084100062828,0.9825532806641248
xgboost,trusted_recommended_features_without_date_offsets_without_oem_number,random_search_034,log,65,1059,26.147960132687377,67.40165365411623,0.9858682006324048
xgboost,trusted_recommended_features_without_date_offsets_without_oem_number,random_search_066,raw,65,1347,26.189321688013436,58.32368895425916,0.9894185220866637
xgboost,trusted_recommended_features_without_date_offsets,random_search_061,raw,66,2555,26.194804057995903,58.41008435887032,0.9893871499913168
xgboost,trusted_recommended_features_without_date_offsets_without_oem_number,random_search_026,log,65,471,26.22099681870508,73.1936204563671,0.983335095900364
xgboost,trusted_recommended_features_without_date_offsets_without_oem_number,random_search_032,log,65,1674,26.221626108644774,86.8986331334644,0.9765100414709874
xgboost,trusted_recommended_features,random_search_011,raw,67,2810,26.26668027580808,60.843758596604914,0.988484350746075
xgboost,trusted_registry_lifecycle_stack,random_search_061,raw,40,2558,26.32527403122861,57.93943067301537,0.9895574922497843
xgboost,trusted_recommended_features_without_date_offsets,random_search_071,raw,66,2563,26.327967036751474,62.52953889113236,0.9878373891448082
xgboost,trusted_recommended_features_without_date_offsets,random_search_011,raw,66,2780,26.346963593125555,60.68726190859653,0.9885435135372682
xgboost,trusted_recommended_features,random_search_061,raw,67,2555,26.347997692733774,58.96395232595788,0.9891849250822174
xgboost,trusted_recommended_features,random_search_066,raw,67,2043,26.361784564255967,56.617397010467556,0.9900285995690993
xgboost,trusted_manual_all_features_usable_by_xgboost,random_search_064,log,63,379,26.374076911748418,74.40511760683953,0.9827788569449273
xgboost,trusted_registry_lifecycle_stack,random_search_015,raw,40,1686,26.400695733928057,61.96640532126603,0.9880554727311093
xgboost,trusted_extended_traficom_stack,random_search_061,raw,62,2555,26.402052219497023,57.88272191739019,0.9895779236489753
xgboost,trusted_registry_lifecycle_stack,random_search_060,log,40,617,26.42691086132371,77.92431067195135,0.9811112900503214
xgboost,trusted_registry_lifecycle_stack_without_oem_number,random_search_052,raw,39,558,26.43173491510151,60.63320456304958,0.9885639142409145
xgboost,trusted_recommended_features_without_date_offsets_without_oem_number,random_search_072,raw,65,1097,26.485266892934003,82.54728230567888,0.9788036091696584
xgboost,trusted_manual_all_features_usable_by_xgboost,random_search_021,log,63,1349,26.511566199535366,73.77179577293552,0.9830707752737021
xgboost,trusted_registry_lifecycle_stack_without_oem_number,random_search_034,log,39,321,26.59835143851236,72.78654951058859,0.9835199462731031
xgboost,trusted_extended_traficom_stack,random_search_052,raw,62,614,26.603186756086608,62.803138457068194,0.9877307206711725
xgboost,trusted_recommended_features_without_date_offsets_without_oem_number,random_search_044,log,65,897,26.62464401174573,75.48201335202434,0.9822767521517766
xgboost,trusted_manual_all_features_usable_by_xgboost,random_search_072,raw,63,1388,26.657252158237814,84.58578075945145,0.9777437964721826
xgboost,trusted_manual_all_features_usable_by_xgboost,random_search_071,raw,63,2551,26.675613842383157,63.5660497653461,0.9874308240260762
xgboost,trusted_registry_lifecycle_stack,random_search_064,log,40,337,26.688227269110115,76.06709892793623,0.9820009299964397
xgboost,trusted_registry_lifecycle_stack_without_oem_number,random_search_035,raw,39,1041,26.738031827972936,74.83451632496327,0.9825795138125988
xgboost,trusted_recommended_features,random_search_063,log,67,938,26.75510420551774,69.41128511575693,0.9850129371042853
xgboost,trusted_recommended_features_without_date_offsets_without_oem_number,random_search_059,log,65,1984,26.756873720237035,93.80553393656396,0.9726275747147922
xgboost,trusted_manual_all_features_usable_by_xgboost,random_search_052,raw,63,567,26.758909203104185,62.65950926702683,0.987786775563069
xgboost,trusted_registry_lifecycle_stack,log_sqerror_balanced,log,40,963,26.786140117852906,90.94205283671764,0.9742731943271802
xgboost,trusted_recommended_features_without_date_offsets,random_search_064,log,66,304,26.807310426601628,77.61654864868133,0.9812601973135725
xgboost,trusted_registry_lifecycle_stack_without_oem_number,log_sqerror_balanced,log,39,614,26.820967841441842,87.33705062757925,0.9762724223752203
xgboost,trusted_registry_lifecycle_stack_without_oem_number,random_search_027,raw,39,1007,26.899717026705428,78.29978831898154,0.9809288213092447
xgboost,trusted_manual_all_features_usable_by_xgboost,random_search_061,raw,63,2558,26.90370055899386,58.180872491681654,0.9894702800955354
xgboost,trusted_registry_lifecycle_stack_without_oem_number,random_search_043,raw,39,1629,26.91097997797531,85.395039776773,0.9773158949532533
xgboost,trusted_recommended_features,random_search_033,raw,67,2352,26.924158063112735,83.97854899267014,0.9780621990100737
xgboost,trusted_extended_traficom_stack,random_search_034,log,62,281,26.943169834369204,76.05970259077205,0.9820044300830737
xgboost,trusted_registry_lifecycle_stack_without_oem_number,random_search_032,log,39,1379,26.978679033587635,86.65678696757053,0.9766406085677117
xgboost,trusted_registry_lifecycle_stack_without_oem_number,random_search_045,log,39,1076,26.9894663025967,91.25811459831058,0.9740940607133021
xgboost,trusted_extended_traficom_stack,random_search_063,log,62,720,27.00534266377176,68.75572833534572,0.9852946917225271
xgboost,trusted_registry_lifecycle_stack,random_search_034,log,40,263,27.00654916358467,78.6408523068127,0.9807623161686767
xgboost,trusted_manual_all_features_usable_by_xgboost,random_search_063,log,63,1020,27.05090941936818,68.57820154197263,0.9853705316861145
xgboost,trusted_recommended_features_without_date_offsets_without_oem_number,random_search_064,log,65,437,27.111531309828457,73.87077089430755,0.9830253189835059
xgboost,trusted_registry_lifecycle_stack,random_search_071,raw,40,2574,27.114159066723676,63.63692070326357,0.9874027811990654
xgboost,trusted_registry_lifecycle_stack,random_search_072,raw,40,1276,27.123683054931348,88.1636817836706,0.9758211413610782
xgboost,trusted_recommended_features_without_date_offsets,random_search_063,log,66,1331,27.151127212863805,69.50991643246776,0.9849703145255891
xgboost,trusted_registry_lifecycle_stack_without_oem_number,random_search_011,raw,39,1581,27.18787455855212,60.778262446530015,0.988509129778726
xgboost,trusted_recommended_features,random_search_034,log,67,321,27.20420523777119,77.50251873629401,0.981315219815599
xgboost,trusted_registry_lifecycle_stack_without_oem_number,random_search_029,raw,39,1529,27.21449358021458,61.38346268922265,0.9882791494925546
xgboost,trusted_recommended_features_without_date_offsets_without_oem_number,random_search_018,log,65,1190,27.32322629727825,101.78485563133714,0.967772791456409
xgboost,trusted_recommended_features_without_date_offsets_without_oem_number,random_search_028,raw,65,1850,27.33481976885708,87.95505948049892,0.9759354351599598
xgboost,trusted_recommended_features,random_search_044,log,67,1082,27.343277983267708,77.51750720106064,0.9813079920956611
xgboost,trusted_registry_lifecycle_stack,random_search_058,log,40,388,27.35564125180395,97.89395786692964,0.9701895772894196
xgboost,trusted_manual_all_features_usable_by_xgboost,random_search_019,raw,63,1780,27.355749806234154,57.61769648769139,0.9896731434926749
xgboost,trusted_registry_lifecycle_stack_without_oem_number,random_search_031,raw,39,2206,27.37632592553003,80.7841976887427,0.9796993851501278
xgboost,trusted_recommended_features_without_date_offsets_without_oem_number,random_search_033,raw,65,1865,27.398986723805546,76.75383084681734,0.9816744726616589
xgboost,trusted_extended_traficom_stack,random_search_019,raw,62,1831,27.405713378472612,57.18615702729171,0.989827254386571
xgboost,trusted_recommended_features_without_date_offsets,random_search_034,log,66,223,27.40697083823952,78.48713546626325,0.9808374492772517
xgboost,trusted_recommended_features_without_date_offsets,log_sqerror_balanced,log,66,1739,27.410190364834992,96.93322394342242,0.9707718266681784
xgboost,trusted_manual_all_features_usable_by_xgboost,random_search_066,raw,63,2044,27.446803913376193,60.71925595808404,0.9885314307376076
xgboost,trusted_registry_lifecycle_stack_without_oem_number,random_search_033,raw,39,2549,27.44847497121338,81.72335191271348,0.9792246331343993
xgboost,trusted_extended_traficom_stack,random_search_064,log,62,350,27.467587490183476,80.2440759099144,0.9799699367993113
xgboost,trusted_registry_lifecycle_stack_without_oem_number,random_search_015,raw,39,653,27.500788312949258,64.31633739057868,0.9871323580176364
xgboost,trusted_registry_lifecycle_stack_without_oem_number,random_search_063,log,39,893,27.59072376023247,72.59418385644362,0.9836069405631923
xgboost,trusted_recommended_features_without_date_offsets,random_search_072,raw,66,1847,27.62912301650197,77.02389090326471,0.9815452882427588
xgboost,trusted_recommended_features_without_date_offsets_without_oem_number,random_search_063,log,65,1974,27.673428135635515,71.11515915762762,0.9842681161204303
xgboost,trusted_registry_lifecycle_stack,random_search_066,raw,40,2052,27.69291435679859,55.57243987722082,0.9903932765502779
xgboost,trusted_registry_lifecycle_stack,random_search_063,log,40,867,27.698891606995012,73.31102808879582,0.9832815897020587
xgboost,trusted_recommended_features_without_date_offsets_without_oem_number,random_search_045,log,65,1304,27.72819911457373,92.34837320246197,0.9734713678256376
xgboost,trusted_registry_lifecycle_stack_without_oem_number,random_search_046,raw,39,2240,27.743838839307912,94.88131064583486,0.9719961521197544
xgboost,trusted_registry_lifecycle_stack_without_oem_number,random_search_064,log,39,316,27.814799412396944,75.70581101044102,0.9821715005497015
xgboost,trusted_manual_all_features_usable_by_xgboost,random_search_049,raw,63,1124,27.83377706596596,77.84088806678889,0.9811517113749129
xgboost,trusted_manual_all_features_usable_by_xgboost,random_search_034,log,63,371,27.8493723259212,77.29082641495768,0.9814171525677863
xgboost,trusted_recommended_features_without_date_offsets_without_oem_number,log_sqerror_balanced,log,65,1739,27.928041721065604,92.36050767073662,0.9734643957050971
xgboost,trusted_recommended_features_without_date_offsets_without_oem_number,random_search_001,raw,65,1370,27.94715284457074,86.74332136196963,0.9765939324762063
xgboost,trusted_registry_lifecycle_stack,random_search_019,raw,40,1823,28.062463911924933,59.12408733675639,0.9891261018931358
xgboost,trusted_registry_lifecycle_stack_without_oem_number,random_search_024,log,39,1933,28.085454419158562,68.22995635392886,0.9855187334862514
xgboost,trusted_recommended_features,random_search_047,raw,67,1282,28.086332604163776,59.20441072895973,0.989096536221257
xgboost,trusted_recommended_features_without_date_offsets_without_oem_number,random_search_049,raw,65,1487,28.09047107098017,74.24393255543896,0.9828533890281127
xgboost,trusted_recommended_features_without_date_offsets_without_oem_number,random_search_035,raw,65,2278,28.158491173716538,77.8721354906589,0.9811365759187073
xgboost,trusted_recommended_features_without_date_offsets,random_search_047,raw,66,1282,28.17854147911636,59.44580878514038,0.9890074401253434
xgboost,trusted_registry_lifecycle_stack_without_oem_number,random_search_062,raw,39,2658,28.182623899018292,95.6723408059698,0.9715272667552185
xgboost,trusted_registry_lifecycle_stack,random_search_049,raw,40,1477,28.183093166407783,80.43388897332072,0.9798750646411214
xgboost,trusted_recommended_features_without_date_offsets,random_search_049,raw,66,1487,28.185135273908003,78.11935916063341,0.9810166129159488
xgboost,trusted_recommended_features,log_sqerror_balanced,log,67,1176,28.18939195682644,99.858578159867,0.9689810483713686
xgboost,trusted_registry_lifecycle_stack_without_oem_number,random_search_066,raw,39,787,28.193624823724395,60.052084323889964,0.988782075029631
xgboost,trusted_registry_lifecycle_stack_without_oem_number,random_search_040,log,39,2055,28.207735975944775,103.91355364334667,0.9664107154358819
xgboost,trusted_extended_traficom_stack,random_search_033,raw,62,1860,28.229848507778964,96.8181955546395,0.9708411542878328
xgboost,trusted_recommended_features,random_search_016,log,67,606,28.308723922217688,71.54602503027795,0.9840769089033411
xgboost,trusted_registry_lifecycle_stack,random_search_033,raw,40,2536,28.322437009026554,88.1290575834683,0.9758401289812676
xgboost,trusted_registry_lifecycle_stack_without_oem_number,random_search_018,log,39,944,28.354345893716047,102.08478749853087,0.9675825822501251
xgboost,trusted_recommended_features_without_date_offsets,random_search_029,raw,66,1522,28.40208246243501,63.28165845624672,0.9875430401606956
xgboost,trusted_manual_all_features_usable_by_xgboost,random_search_058,log,63,357,28.47509532365796,101.12093077901474,0.9681918451929059
xgboost,trusted_registry_lifecycle_stack_without_oem_number,random_search_007,raw,39,1894,28.47803069454033,111.10408642310018,0.9616013085500615
xgboost,trusted_extended_traficom_stack,random_search_066,raw,62,2044,28.485516903088456,60.60681207362269,0.9885738678986473
xgboost,trusted_registry_lifecycle_stack,random_search_009,log,40,362,28.498632416420673,99.3292004789831,0.9693090565516543
xgboost,trusted_extended_traficom_stack,random_search_023,raw,62,1395,28.520175304604823,68.36954814338631,0.9854594183738067
xgboost,trusted_manual_all_features_usable_by_xgboost,random_search_023,raw,63,837,28.526446925288056,66.8982536312621,0.9860785035526182
xgboost,trusted_recommended_features,random_search_031,raw,67,2206,28.542787203385043,90.72497113684464,0.9743958692165171
xgboost,trusted_recommended_features_without_date_offsets_without_oem_number,random_search_043,raw,65,2272,28.551099311282044,79.9422324735166,0.9801203422200351
xgboost,trusted_recommended_features_without_date_offsets_without_oem_number,random_search_039,log,65,3012,28.557424385710693,96.82339191146194,0.9708380242184876
xgboost,trusted_registry_lifecycle_stack_without_oem_number,random_search_049,raw,39,1481,28.581289066204025,82.70263798436504,0.9787237500072792
xgboost,trusted_registry_lifecycle_stack_without_oem_number,random_search_001,raw,39,1369,28.61030786264712,95.26090909966453,0.9717716298862393
xgboost,trusted_extended_traficom_stack,random_search_058,log,62,364,28.61115529591791,98.31521123424766,0.9699324672449036
xgboost,trusted_registry_lifecycle_stack_without_oem_number,random_search_039,log,39,3008,28.63052892222644,94.77201302902094,0.9720606324881448
xgboost,trusted_extended_traficom_stack,random_search_011,raw,62,2763,28.67664378805934,68.28987408680402,0.9854932881923117
xgboost,trusted_registry_lifecycle_stack_without_oem_number,random_search_028,raw,39,847,28.714762235633575,95.47691883289188,0.9716434657506585
xgboost,trusted_registry_lifecycle_stack,random_search_023,raw,40,2379,28.790440712855936,69.9217785431205,0.9847916782287953
xgboost,trusted_recommended_features_without_date_offsets_without_oem_number,random_search_047,raw,65,1282,28.827669892387323,60.94562131379568,0.9884457601900976
xgboost,trusted_extended_traficom_stack,random_search_047,raw,62,1282,28.857311509416398,61.003760829008236,0.988423705174467
xgboost,trusted_registry_lifecycle_stack,random_search_032,log,40,1261,28.881703580636284,114.43596046839986,0.9592637171476567
xgboost,trusted_recommended_features_without_date_offsets_without_oem_number,random_search_062,raw,65,2485,28.942236217907574,99.4554040324646,0.9692310177325543
xgboost,trusted_registry_lifecycle_stack_without_oem_number,random_search_044,log,39,834,28.959228509167794,89.8777003542868,0.9748718646211612
xgboost,trusted_recommended_features,random_search_018,log,67,1030,28.96033648303696,103.89788715171083,0.966420842826565
xgboost,trusted_registry_lifecycle_stack,random_search_045,log,40,1076,29.00530862980987,94.81937037280761,0.9720327030441324
xgboost,trusted_recommended_features_without_date_offsets,random_search_028,raw,66,2378,29.031643541696297,100.99313996998522,0.968272189022449
xgboost,trusted_manual_all_features_usable_by_xgboost,random_search_047,raw,63,1282,29.058537428897115,61.28050113946745,0.9883184364525749
xgboost,trusted_registry_lifecycle_stack_without_oem_number,random_search_047,raw,39,1279,29.067464937127646,60.490463468383474,0.9886176959249222
xgboost,trusted_extended_traficom_stack,random_search_072,raw,62,1391,29.074551335137716,96.66773197878328,0.970931714435512
xgboost,trusted_recommended_features_without_date_offsets_without_oem_number,random_search_024,log,65,1740,29.075825339630526,73.14598686628622,0.9833567795089788
xgboost,trusted_recommended_features_without_date_offsets,random_search_026,log,66,477,29.1017253488639,95.42494003187109,0.9716743326335511
xgboost,trusted_registry_lifecycle_stack_without_oem_number,log_absoluteerror_balanced,log,39,2199,29.119604722674566,123.78072177075443,0.9523390844258941
xgboost,trusted_recommended_features_without_date_offsets,random_search_018,log,66,1128,29.142228036610046,104.59476904059241,0.9659688762706359
xgboost,trusted_registry_lifecycle_stack,random_search_026,log,40,790,29.177545110554444,97.588383644747,0.9703753922197431
xgboost,trusted_extended_traficom_stack,random_search_049,raw,62,1077,29.201012211963935,80.4844241257179,0.9798497684338912
xgboost,trusted_recommended_features,random_search_029,raw,67,1529,29.223912936403174,65.87427743664283,0.9865014198819337
xgboost,trusted_registry_lifecycle_stack_without_oem_number,random_search_038,log,39,1246,29.22572531056931,109.6875109254819,0.9625742318999866
xgboost,trusted_registry_lifecycle_stack,random_search_028,raw,40,2350,29.265936545354506,89.69153636661946,0.9749758527992168
xgboost,trusted_registry_lifecycle_stack,random_search_047,raw,40,1282,29.286271402777974,60.55941041671239,0.9885917340681692
xgboost,trusted_manual_all_features_usable_by_xgboost,random_search_011,raw,63,2756,29.36445105616477,69.69369471423875,0.9848907350545845
xgboost,trusted_recommended_features_without_date_offsets_without_oem_number,random_search_038,log,65,1242,29.383435791458012,110.63206531085045,0.9619268859790843
xgboost,trusted_recommended_features,random_search_035,raw,67,1327,29.397061121089703,83.9049608291975,0.9781006291852419
xgboost,trusted_recommended_features_without_date_offsets,random_search_033,raw,66,2340,29.40220291336448,93.14848614967238,0.973009684469314
xgboost,trusted_registry_lifecycle_stack,raw_sqerror_reference,raw,40,1777,29.406782928340316,76.12627524897239,0.9819729143874862
xgboost,trusted_recommended_features,random_search_026,log,67,457,29.433355654024375,95.19460650468612,0.9718109106967344
xgboost,trusted_recommended_features_without_date_offsets,random_search_016,log,66,518,29.476770072290282,77.43317031213184,0.9813486427382757
xgboost,trusted_recommended_features_without_date_offsets_without_oem_number,log_absoluteerror_balanced,log,65,2197,29.50404647065697,130.0455477114226,0.9473925397527296
xgboost,trusted_registry_lifecycle_stack_without_oem_number,random_search_067,raw,39,1371,29.56321002786296,79.25533772250402,0.9804605020235796
xgboost,trusted_recommended_features_without_date_offsets,random_search_031,raw,66,2176,29.616691580321255,95.76084451869579,0.9714745637870387
xgboost,trusted_registry_lifecycle_stack_without_oem_number,random_search_048,raw,39,2612,29.641100754859252,86.36267712791609,0.9767989012638574
xgboost,trusted_extended_traficom_stack,random_search_045,log,62,1494,29.675782978242893,98.17252198104066,0.9700196806146122
xgboost,trusted_extended_traficom_stack,random_search_030,log,62,2740,29.717466127443032,111.75487103762285,0.9611501556732306
xgboost,trusted_extended_traficom_stack,log_sqerror_balanced,log,62,649,29.748544115667475,96.84842021920113,0.9708229458531457
xgboost,trusted_recommended_features_without_date_offsets,raw_sqerror_reference,raw,66,1771,29.761105543625572,86.34131823616359,0.9768103758613148
xgboost,trusted_extended_traficom_stack,random_search_046,raw,62,2242,29.786477850399613,114.70863532052336,0.9590693552794229
xgboost,trusted_registry_lifecycle_stack_without_oem_number,random_search_068,log,39,1502,29.82030978563315,93.38580716554895,0.9728719789826735
xgboost,trusted_manual_all_features_usable_by_xgboost,random_search_059,log,63,1986,29.850561647481342,116.86997319215365,0.9575123952519348
xgboost,trusted_recommended_features_without_date_offsets,random_search_035,raw,66,997,29.923157419461063,83.86478734935461,0.9781215948899286
xgboost,trusted_recommended_features_without_date_offsets_without_oem_number,random_search_004,log,65,1579,29.931463081428756,100.90347351617885,0.9683285028942883
xgboost,trusted_recommended_features_without_date_offsets_without_oem_number,random_search_016,log,65,339,29.936335893775343,79.36533346194135,0.9804062280015947
xgboost,trusted_recommended_features_without_date_offsets_without_oem_number,random_search_050,raw,65,914,29.939772787144932,88.07354138509353,0.975870558030882
xgboost,trusted_manual_all_features_usable_by_xgboost,random_search_045,log,63,1136,29.968888144665677,99.80292272205051,0.9690156151011301
xgboost,trusted_recommended_features_without_date_offsets_without_oem_number,random_search_068,log,65,1501,29.98960671266954,91.57694046276814,0.9739127308340978
xgboost,trusted_recommended_features_without_date_offsets,random_search_039,log,66,1819,30.003982579707245,108.97321264884181,0.9630600869740487
xgboost,trusted_registry_lifecycle_stack,random_search_046,raw,40,2252,30.014647658750672,111.9908206477161,0.9609859340634391
xgboost,trusted_registry_lifecycle_stack_without_oem_number,random_search_008,raw,39,1659,30.024400074373272,115.50380988423471,0.9584999157176275
xgboost,trusted_recommended_features_without_date_offsets,random_search_009,log,66,618,30.068339793073356,111.26694849421199,0.9614886524973607
xgboost,trusted_recommended_features,random_search_039,log,67,2727,30.133809826964644,108.6521568847106,0.9632774303219444
xgboost,trusted_manual_all_features_usable_by_xgboost,random_search_018,log,63,715,30.150735633415295,107.64293643777623,0.9639564604871398
xgboost,trusted_manual_all_features_usable_by_xgboost,random_search_029,raw,63,1526,30.15614691960734,67.65601435711294,0.985761338060402
xgboost,trusted_registry_lifecycle_stack_without_oem_number,random_search_004,log,39,1889,30.158406880655154,105.22198257707498,0.9655595101087339
xgboost,trusted_extended_traficom_stack,random_search_029,raw,62,1525,30.16488781528688,67.37560404165286,0.9858791219300093
xgboost,trusted_registry_lifecycle_stack_without_oem_number,random_search_002,raw,39,2288,30.248185100747396,114.00791212420955,0.9595678957742098
xgboost,trusted_recommended_features,random_search_072,raw,67,1464,30.35853947469509,93.91083362916838,0.9725660873890773
xgboost,trusted_recommended_features,random_search_009,log,67,594,30.375383285085682,112.89359125416816,0.9603544053187885
xgboost,trusted_extended_traficom_stack,random_search_032,log,62,1366,30.39625124558739,112.98368611658053,0.9602911016427579
xgboost,trusted_manual_all_features_usable_by_xgboost,log_sqerror_balanced,log,63,358,30.397766211377412,104.12612581692788,0.9662731501203314
xgboost,trusted_recommended_features,random_search_028,raw,67,2389,30.405337908819902,103.37997341467525,0.9667547814919644
xgboost,trusted_recommended_features_without_date_offsets_without_oem_number,random_search_046,raw,65,2245,30.405516085220977,118.01763204099514,0.9566738446613037
xgboost,trusted_manual_all_features_usable_by_xgboost,random_search_009,log,63,594,30.559100105876,105.53294157121913,0.9653556476711885
xgboost,trusted_extended_traficom_stack,random_search_048,raw,62,2612,30.60572700477903,88.75229108862045,0.9754972118408773
xgboost,trusted_manual_all_features_usable_by_xgboost,random_search_039,log,63,2718,30.614898377190354,108.93725215794306,0.9630844628402949
xgboost,trusted_recommended_features_without_date_offsets,random_search_043,raw,66,1147,30.697684087126547,105.8134472404479,0.9651712341186476
xgboost,trusted_registry_lifecycle_stack,random_search_039,log,40,3009,30.716345518498553,110.41115744173162,0.9620787814238113
xgboost,trusted_manual_all_features_usable_by_xgboost,raw_sqerror_reference,raw,63,1500,30.747371178960716,79.48473034596284,0.9803472300754426
xgboost,trusted_recommended_features,random_search_024,log,67,2873,30.751151583001338,84.21955260800436,0.977936103098171
xgboost,trusted_registry_lifecycle_stack,random_search_067,raw,40,999,30.763864536861334,89.71135769218972,0.9749647911852277
xgboost,trusted_extended_traficom_stack,random_search_009,log,62,621,30.788197591917115,108.17391796341684,0.9635999920117007
xgboost,trusted_extended_traficom_stack,random_search_018,log,62,759,30.830663065914106,109.39827029773167,0.9627713515173353
xgboost,trusted_extended_traficom_stack,random_search_001,raw,62,1366,30.842823053860258,105.66049241440426,0.9652718522853203
xgboost,trusted_registry_lifecycle_stack_without_oem_number,random_search_051,raw,39,1687,30.87444066284252,70.69129922516257,0.9844550873287419
xgboost,trusted_registry_lifecycle_stack,random_search_029,raw,40,1529,30.945875333398668,69.7692790191081,0.9848579446402713
xgboost,trusted_manual_all_features_usable_by_xgboost,random_search_033,raw,63,2554,30.989033534951712,96.11835435808268,0.9712611746756186
xgboost,trusted_manual_all_features_usable_by_xgboost,random_search_001,raw,63,1319,31.02268657650448,110.6466178636306,0.9619168690379677
xgboost,trusted_recommended_features_without_date_offsets,random_search_024,log,66,2838,31.027331284661386,83.98520966374001,0.9780587189244366
xgboost,trusted_manual_all_features_usable_by_xgboost,random_search_008,raw,63,3192,31.041428112800194,117.13966311257734,0.9573160796498908
xgboost,trusted_registry_lifecycle_stack,random_search_018,log,40,1033,31.04902586969951,110.75167621774919,0.9618445152584064
xgboost,trusted_extended_traficom_stack,random_search_028,raw,62,2428,31.057966241108165,111.76411155319043,0.9611437307643256
xgboost,trusted_manual_all_features_usable_by_xgboost,random_search_016,log,63,562,31.07129426816469,85.23655547854375,0.9774000154932009
xgboost,trusted_extended_traficom_stack,random_search_039,log,62,2482,31.12687726292005,110.81764236935196,0.9617990492183678
xgboost,trusted_extended_traficom_stack,raw_sqerror_reference,raw,62,1490,31.138692359178993,80.84692726190544,0.9796678457312183
xgboost,trusted_registry_lifecycle_stack,random_search_027,raw,40,986,31.1428264809897,83.49689777654784,0.9783131218334984
xgboost,trusted_recommended_features,random_search_046,raw,67,2252,31.220777214145155,111.69030585022668,0.9611950328740264
xgboost,trusted_extended_traficom_stack,random_search_024,log,62,2383,31.224763486642278,83.15191061495759,0.9784919605340215
xgboost,trusted_recommended_features_without_date_offsets_without_oem_number,random_search_048,raw,65,2548,31.252910067895378,85.69955395513105,0.977153825874019
xgboost,trusted_registry_lifecycle_stack,random_search_001,raw,40,1370,31.312189052258812,104.33331800082398,0.9661387959033364
xgboost,trusted_recommended_features,raw_sqerror_reference,raw,67,1778,31.34691730180812,93.44946800771223,0.9728349801846838
xgboost,trusted_extended_traficom_stack,random_search_051,raw,62,1687,31.360295514230405,67.06610928736472,0.9860085545345273
xgboost,trusted_manual_all_features_usable_by_xgboost,random_search_038,log,63,1246,31.414168730679027,116.08571382005687,0.9580807106117853
xgboost,trusted_extended_traficom_stack,random_search_016,log,62,499,31.429913218452214,86.75424796687886,0.9765880354237078
xgboost,trusted_registry_lifecycle_stack,random_search_059,log,40,1979,31.441903422101607,126.47055743418142,0.9502451724876211
xgboost,trusted_manual_all_features_usable_by_xgboost,random_search_024,log,63,2838,31.479582888102755,83.1323964161282,0.9785020544189645
xgboost,trusted_registry_lifecycle_stack,random_search_024,log,40,1644,31.524277459776506,82.7028310724346,0.9787236506586989
xgboost,trusted_manual_all_features_usable_by_xgboost,random_search_043,raw,63,1384,31.53705917502946,95.06620844794188,0.9718869020472771
xgboost,trusted_recommended_features_without_date_offsets,random_search_051,raw,66,1684,31.65015182901657,68.60984762954739,0.9853570267459147
xgboost,trusted_recommended_features_without_date_offsets,random_search_070,raw,66,2130,31.690862944960386,95.60355957878927,0.9715681915522869
xgboost,trusted_registry_lifecycle_stack,random_search_016,log,40,700,31.703450894534548,92.36966445422746,0.9734591338711331
xgboost,trusted_recommended_features_without_date_offsets_without_oem_number,random_search_030,log,65,2738,31.82659638299193,112.26219895298954,0.9607966257069669
xgboost,trusted_recommended_features_without_date_offsets,random_search_055,log,66,237,31.911126763007044,92.24921966751444,0.9735283043031282
xgboost,trusted_extended_traficom_stack,random_search_070,raw,62,1375,31.955329037672534,92.76235009171552,0.9732329909989857
xgboost,trusted_extended_traficom_stack,random_search_040,log,62,996,31.959064374637634,126.4838043980153,0.9502347489561332
xgboost,trusted_manual_all_features_usable_by_xgboost,random_search_070,raw,63,2381,31.96711394884235,95.69361895186108,0.9715146003076551
xgboost,trusted_manual_all_features_usable_by_xgboost,random_search_032,log,63,1336,32.06894165514128,122.86288373908151,0.9530432783426943
xgboost,trusted_registry_lifecycle_stack_without_oem_number,random_search_050,raw,39,532,32.075422664843344,99.12352049195111,0.9694360278187394
xgboost,trusted_recommended_features,random_search_055,log,67,180,32.083462148786616,92.32845506671457,0.9734828102343019
xgboost,trusted_recommended_features_without_date_offsets,random_search_048,raw,66,2612,32.12097464200658,94.91312273912767,0.9719773705417903
xgboost,trusted_manual_all_features_usable_by_xgboost,random_search_056,log,63,1854,32.20227601253965,124.64473291505452,0.951671399153177
xgboost,trusted_recommended_features,random_search_051,raw,67,1684,32.2036688127625,69.20888163912085,0.9851002142921278
xgboost,trusted_manual_all_features_usable_by_xgboost,random_search_048,raw,63,2120,32.25119010423894,93.36027576237184,0.9728868103962119
xgboost,trusted_recommended_features,random_search_045,log,67,1432,32.25204237644514,106.9535046511403,0.9644166854566626
xgboost,trusted_recommended_features_without_date_offsets_without_oem_number,random_search_040,log,65,689,32.36339433219928,128.4124958185189,0.9487054843406235
xgboost,trusted_recommended_features_without_date_offsets_without_oem_number,random_search_055,log,65,182,32.372352654352675,82.8747623909698,0.9786350956929503
xgboost,trusted_recommended_features,random_search_056,log,67,1518,32.39853171067369,130.23385762172845,0.9472400750393087
xgboost,trusted_extended_traficom_stack,random_search_059,log,62,1986,32.44664830992916,129.12731906918654,0.9481328209652073
xgboost,trusted_recommended_features,random_search_070,raw,67,2103,32.460980302303625,96.26563756643586,0.9711730335631698
xgboost,trusted_registry_lifecycle_stack,random_search_048,raw,40,2257,32.48804011189634,95.09129181837845,0.9718720647188118
xgboost,trusted_registry_lifecycle_stack,random_search_035,raw,40,820,32.515728658582425,93.72121408185467,0.9726767616124526
xgboost,trusted_extended_traficom_stack,random_search_027,raw,62,1060,32.52168347283607,90.91944525405123,0.974285983759007
xgboost,trusted_registry_lifecycle_stack_without_oem_number,random_search_030,log,39,2740,32.62259015624354,125.16159258359696,0.9512697633360752
xgboost,trusted_recommended_features_without_date_offsets,random_search_045,log,66,1368,32.70070149343948,110.90186151402033,0.961740963270062
xgboost,trusted_registry_lifecycle_stack,random_search_070,raw,40,1405,32.74903776215123,95.42004716888928,0.9716772373260998
xgboost,trusted_extended_traficom_stack,random_search_050,raw,62,1555,32.769246950482675,97.53832813658875,0.9704057748214296
xgboost,trusted_registry_lifecycle_stack_without_oem_number,random_search_014,raw,39,3100,32.79806938239143,123.59771868697943,0.9524799084060595
xgboost,trusted_recommended_features_without_date_offsets,random_search_056,log,66,2189,32.84967896211105,130.80766332178285,0.9467741341666398
xgboost,trusted_manual_all_features_usable_by_xgboost,random_search_051,raw,63,1686,32.908564206310245,70.35486545430216,0.9846026978194953
xgboost,trusted_registry_lifecycle_stack,random_search_056,log,40,1498,32.96200107785192,134.52943810522103,0.9437022528748406
xgboost,trusted_registry_lifecycle_stack,random_search_055,log,40,137,33.004598318272755,91.29903396934424,0.9740708234942093
xgboost,trusted_registry_lifecycle_stack,random_search_044,log,40,700,33.01168422944754,100.34709201578174,0.9686768130602852
xgboost,trusted_recommended_features,random_search_001,raw,67,1367,33.04383084809307,116.59145260112601,0.9577146640068146
xgboost,trusted_registry_lifecycle_stack_without_oem_number,random_search_016,log,39,185,33.059690654459544,87.42711414525716,0.9762234605441975
xgboost,trusted_manual_all_features_usable_by_xgboost,random_search_028,raw,63,1194,33.08368152507739,132.58561844676564,0.9453173948283535
xgboost,trusted_recommended_features,random_search_008,raw,67,2270,33.16892827577743,131.84462316102096,0.9459269077628705
xgboost,trusted_recommended_features_without_date_offsets_without_oem_number,raw_absoluteerror_balanced,raw,65,1799,33.23794909805289,153.28542134053308,0.9269099829172714
xgboost,trusted_extended_traficom_stack,random_search_056,log,62,1735,33.296904338001774,126.69389718239549,0.950069288983103
xgboost,trusted_extended_traficom_stack,random_search_055,log,62,166,33.3143904976019,94.0884649802499,0.9724622073253111
xgboost,trusted_manual_all_features_usable_by_xgboost,random_search_067,raw,63,1698,33.35230955730323,103.62844453874922,0.9665947813785564
xgboost,trusted_recommended_features,random_search_032,log,67,1137,33.362918483921014,129.33172169401118,0.9479684842673621
xgboost,trusted_registry_lifecycle_stack_without_oem_number,random_search_055,log,39,307,33.37655029573931,99.49826036165192,0.9692044946943253
xgboost,trusted_registry_lifecycle_stack,random_search_051,raw,40,1684,33.49932359025773,74.71516254822633,0.9826350374629014
xgboost,trusted_recommended_features_without_date_offsets_without_oem_number,random_search_051,raw,65,558,33.561240146201065,71.29695582119632,0.9841875802783068
xgboost,trusted_registry_lifecycle_stack,random_search_040,log,40,1352,33.56454743330321,138.06781581979814,0.940701833044765
xgboost,trusted_extended_traficom_stack,random_search_044,log,62,1377,33.64349631770975,111.79889646321838,0.9611195401338075
xgboost,trusted_recommended_features_without_date_offsets,random_search_001,raw,66,1370,33.72830008127902,120.4962414903096,0.9548348600035825
xgboost,trusted_recommended_features_without_date_offsets,random_search_067,raw,66,1726,33.8727686789983,101.51604399335007,0.9679427894231798
xgboost,trusted_extended_traficom_stack,random_search_067,raw,62,1015,33.87361791869322,104.14711275380427,0.9662595532521896
xgboost,trusted_recommended_features,random_search_043,raw,67,987,33.883641349471766,108.1044980767395,0.9636466959431398
xgboost,trusted_manual_all_features_usable_by_xgboost,random_search_027,raw,63,815,33.91192475178314,91.52808180995014,0.9739405598663355
xgboost,trusted_registry_lifecycle_stack,random_search_043,raw,40,1009,33.97785978481006,105.9341776607391,0.9650917113266146
xgboost,trusted_recommended_features,random_search_048,raw,67,2612,34.021637348199896,100.26906932168359,0.9687255034463355
xgboost,trusted_manual_all_features_usable_by_xgboost,random_search_055,log,63,263,34.10838997068372,97.54458973948498,0.9704019750180569
xgboost,trusted_registry_lifecycle_stack,random_search_004,log,40,1146,34.15197283785362,116.64074267125807,0.957678903448092
xgboost,trusted_extended_traficom_stack,log_absoluteerror_balanced,log,62,2158,34.166754315576945,153.30145197083917,0.926894694570866
xgboost,trusted_manual_all_features_usable_by_xgboost,log_absoluteerror_balanced,log,63,2179,34.22991569242911,151.72910958241542,0.9283866190380847
xgboost,trusted_recommended_features_without_date_offsets,random_search_008,raw,66,2768,34.237601771334916,137.86621171041344,0.9408748788195406
xgboost,trusted_recommended_features_without_date_offsets,random_search_046,raw,66,2251,34.24579194669119,138.33741650689325,0.9404700276099267
xgboost,trusted_extended_traficom_stack,random_search_043,raw,62,1344,34.24581883703201,101.71122606718443,0.9678193999042741
xgboost,trusted_extended_traficom_stack,random_search_004,log,62,871,34.29271846540255,118.67701659987581,0.9561883509916684
xgboost,trusted_recommended_features,random_search_067,raw,67,1726,34.35133145356616,102.6757725814164,0.9672061566190189
xgboost,trusted_recommended_features_without_date_offsets_without_oem_number,random_search_002,raw,65,2272,34.38271052087815,142.1668813934713,0.9371285852717881
xgboost,trusted_registry_lifecycle_stack,random_search_068,log,40,1502,34.39662809300373,109.49202110191186,0.9627075166646327
xgboost,trusted_registry_lifecycle_stack,random_search_038,log,40,1245,34.40395610072832,131.8900964814118,0.9458896016213796
xgboost,trusted_recommended_features_without_date_offsets,random_search_004,log,66,1224,34.407250561366276,117.58575451858044,0.9569903627170921
xgboost,trusted_manual_all_features_usable_by_xgboost,random_search_046,raw,63,2252,34.432341726155165,131.60157161114824,0.9461260882014113
xgboost,trusted_manual_all_features_usable_by_xgboost,random_search_026,log,63,291,34.45441770479681,120.69427595612198,0.9546862810244915
xgboost,trusted_manual_all_features_usable_by_xgboost,random_search_068,log,63,1501,34.50219954968416,102.13556914424751,0.9675503224136964
xgboost,trusted_manual_all_features_usable_by_xgboost,random_search_035,raw,63,1011,34.51877824095595,101.05985870607498,0.968230254715466
xgboost,trusted_recommended_features,log_absoluteerror_balanced,log,67,2199,34.567895154416625,157.88762509003277,0.9224552243363813
xgboost,trusted_recommended_features_without_date_offsets,random_search_068,log,66,1502,34.571630943872265,106.14201682256041,0.9649545992641827
xgboost,trusted_recommended_features_without_date_offsets,random_search_038,log,66,1245,34.61315498139783,145.465305063481,0.9341773741394738
xgboost,trusted_extended_traficom_stack,random_search_035,raw,62,719,34.65579436659601,98.85095242327398,0.9696038852341444
xgboost,trusted_recommended_features,random_search_068,log,67,1502,34.67645906512359,105.56186995610523,0.9653366518485731
xgboost,trusted_extended_traficom_stack,random_search_068,log,62,1502,34.70482155341079,101.25830116042991,0.9681053652474758
xgboost,trusted_manual_all_features_usable_by_xgboost,random_search_044,log,63,648,34.71536879564216,118.68760711236155,0.9561805313053999
xgboost,trusted_recommended_features,random_search_004,log,67,1155,34.79199795123024,119.65170386381381,0.9554657508671536
xgboost,trusted_manual_all_features_usable_by_xgboost,random_search_004,log,63,982,34.899052201218694,117.75789437046753,0.9568643424873279
xgboost,trusted_manual_all_features_usable_by_xgboost,random_search_050,raw,63,1053,34.89982037496256,106.58637589608044,0.9646605528614026
xgboost,trusted_manual_all_features_usable_by_xgboost,random_search_040,log,63,1138,34.90505886290815,147.6271163829911,0.9322064099441746
xgboost,trusted_manual_all_features_usable_by_xgboost,random_search_062,raw,63,2667,34.92710025035255,132.23379787045243,0.9456072142057502
xgboost,trusted_recommended_features_without_date_offsets,random_search_032,log,66,825,35.01485180848389,139.94602138672772,0.9390775343515696
xgboost,trusted_extended_traficom_stack,random_search_026,log,62,893,35.057397864708136,122.55180211905908,0.953280760649701
xgboost,trusted_recommended_features_without_date_offsets_without_oem_number,random_search_008,raw,65,1196,35.07382288470362,131.87897788726733,0.9458987244625218
xgboost,trusted_registry_lifecycle_stack_without_oem_number,raw_absoluteerror_balanced,raw,39,1796,35.08886476587868,161.76118655939055,0.9186036356192222
xgboost,trusted_extended_traficom_stack,random_search_008,raw,62,3170,35.093986043258134,126.11184146966681,0.9505270173666401
xgboost,trusted_recommended_features,random_search_027,raw,67,1403,35.2166097998972,107.45091449941944,0.9640849403912582
xgboost,trusted_recommended_features_without_date_offsets_without_oem_number,random_search_014,raw,65,3107,35.24157489756285,155.9886330981683,0.9243093448520823
xgboost,trusted_registry_lifecycle_stack_without_oem_number,random_search_005,log,39,2994,35.29153878119986,151.78588756460053,0.9283330126595484
xgboost,trusted_recommended_features,random_search_059,log,67,1973,35.30507343334525,150.86900749785516,0.9291962229183357
xgboost,trusted_recommended_features,random_search_050,raw,67,794,35.32747485226891,132.9847010713603,0.9449877101872705
xgboost,trusted_extended_traficom_stack,random_search_014,raw,62,3107,35.356711586499934,142.53116681619605,0.9368059716935982
xgboost,trusted_recommended_features_without_date_offsets_without_oem_number,random_search_005,log,65,2922,35.406001842741205,155.75444094645252,0.9245364492319004
xgboost,trusted_recommended_features,random_search_038,log,67,1214,35.63093719281697,147.36624429418336,0.9324457945488698
xgboost,trusted_registry_lifecycle_stack,log_absoluteerror_balanced,log,40,1750,35.68465118373064,165.80202604106017,0.914486235429868
xgboost,trusted_recommended_features_without_date_offsets,random_search_027,raw,66,1388,36.061405795759676,112.85089922252128,0.9603843845396639
xgboost,trusted_recommended_features_without_date_offsets,random_search_059,log,66,1982,36.09510422849722,152.36715710901333,0.9277830589998618
xgboost,trusted_recommended_features,random_search_030,log,67,2739,36.23225516837542,136.36245670694237,0.942157641450426
xgboost,trusted_registry_lifecycle_stack,random_search_030,log,40,2739,36.28521311405299,142.6847593136379,0.9366697017318617
xgboost,trusted_recommended_features_without_date_offsets,random_search_002,raw,66,1785,36.31771108289666,162.64342597524762,0.9177133490188267
xgboost,trusted_recommended_features,random_search_040,log,67,1975,36.41570670396183,150.5046751875951,0.9295377769155231
xgboost,trusted_recommended_features,random_search_014,raw,67,3087,36.73025837520512,153.62206197894542,0.9265885943828798
xgboost,trusted_recommended_features_without_date_offsets_without_oem_number,random_search_007,raw,65,942,37.033292573214,159.00126443856283,0.9213574629773142
xgboost,trusted_manual_all_features_usable_by_xgboost,random_search_030,log,63,2735,37.18789719327219,159.9902655817845,0.9203760940460295
xgboost,trusted_recommended_features_without_date_offsets_without_oem_number,random_search_041,raw,65,1305,37.43820376353831,151.85291618051534,0.9282697024307733
xgboost,trusted_extended_traficom_stack,random_search_038,log,62,1246,37.45547773510931,146.93235533306506,0.9328430072767222
xgboost,trusted_manual_all_features_usable_by_xgboost,random_search_002,raw,63,2288,37.45916321089876,172.25172387244106,0.9077038653145683
xgboost,trusted_recommended_features_without_date_offsets_without_oem_number,log_absoluteerror_regularized,log,65,2575,37.48889317377029,162.58006557706497,0.9177774487436843
xgboost,trusted_recommended_features_without_date_offsets,log_absoluteerror_balanced,log,66,2198,37.49636560079041,174.92530792993375,0.9048165036361056
xgboost,trusted_recommended_features,random_search_007,raw,67,1397,37.655480006631834,157.44050083168582,0.9228938028000773
xgboost,trusted_extended_traficom_stack,random_search_002,raw,62,1327,37.66841043322096,176.45775375279797,0.9031414747081281
xgboost,trusted_recommended_features_without_date_offsets_without_oem_number,random_search_057,log,65,1794,37.74202791486118,150.55628067909004,0.9294894480373461
xgboost,trusted_recommended_features_without_date_offsets_without_oem_number,random_search_020,raw,65,1821,37.82828849038124,169.50545138593088,0.9106234268066508
xgboost,trusted_registry_lifecycle_stack,random_search_008,raw,40,1983,37.95915412383365,134.96601906670062,0.9433362600247925
xgboost,trusted_recommended_features_without_date_offsets,random_search_050,raw,66,713,37.97364885274865,143.1777690303204,0.936231303222453
xgboost,trusted_recommended_features_without_date_offsets,random_search_062,raw,66,2669,38.0848785671417,145.1046194895199,0.9345033877958758
xgboost,trusted_registry_lifecycle_stack_without_oem_number,random_search_037,log,39,1829,38.114958028273556,153.2945640607602,0.9269012637383646
xgboost,trusted_registry_lifecycle_stack,random_search_050,raw,40,517,38.149497483537495,123.06506970705081,0.952888605072861
xgboost,trusted_recommended_features_without_date_offsets,random_search_014,raw,66,2998,38.18412634678463,158.4881133514068,0.9218642562163976
xgboost,trusted_manual_all_features_usable_by_xgboost,random_search_041,raw,63,1305,38.250512496108065,194.81475921392862,0.8819407359704334
xgboost,trusted_recommended_features,random_search_062,raw,67,2652,38.40816760337021,149.9232008972902,0.9300811862624577
xgboost,trusted_recommended_features_without_date_offsets,random_search_007,raw,66,1409,38.49929852618347,173.42069254477448,0.9064468980786801
xgboost,trusted_recommended_features_without_date_offsets,random_search_030,log,66,2738,38.53417775133459,168.51059886603048,0.9116694766684924
xgboost,trusted_registry_lifecycle_stack_without_oem_number,random_search_020,raw,39,2033,38.612781000673735,167.89593845132143,0.9123126914716466
xgboost,trusted_recommended_features_without_date_offsets,random_search_040,log,66,2151,38.67556186396467,150.05822491896407,0.9299551888101452
xgboost,trusted_manual_all_features_usable_by_xgboost,random_search_014,raw,63,2260,38.77499970774315,174.97706081983742,0.9047601738829629
xgboost,trusted_recommended_features_without_date_offsets_without_oem_number,random_search_036,log,65,2047,38.81073979369343,158.2524557644585,0.9220964451294731
xgboost,trusted_registry_lifecycle_stack,random_search_014,raw,40,2016,38.831133283363286,162.07423065662812,0.9182882904201675
xgboost,trusted_registry_lifecycle_stack_without_oem_number,random_search_069,log,39,1657,38.87943794106417,148.52967186401284,0.931374929653908
xgboost,trusted_registry_lifecycle_stack,random_search_057,log,40,1794,38.91417178457373,149.63688450747026,0.9303479866859223
xgboost,trusted_registry_lifecycle_stack_without_oem_number,log_absoluteerror_regularized,log,39,2594,38.96241356749417,170.1752194183534,0.9099157228738562
xgboost,trusted_recommended_features_without_date_offsets,random_search_041,raw,66,1296,38.97388690702303,192.8691482481135,0.8842870716182265
xgboost,trusted_registry_lifecycle_stack,random_search_002,raw,40,1377,39.09379674528674,182.04697195278,0.896908400336873
xgboost,trusted_registry_lifecycle_stack_without_oem_number,random_search_003,raw,39,2719,39.2451606696283,167.21053666953745,0.9130271621466528
xgboost,trusted_extended_traficom_stack,random_search_041,raw,62,1305,39.30578403190581,192.48386161591566,0.8847489196062561
xgboost,trusted_registry_lifecycle_stack_without_oem_number,random_search_010,raw,39,2112,39.382437809096636,174.0358697158668,0.9057819969219073
xgboost,trusted_recommended_features,random_search_002,raw,67,1768,39.60268009066088,182.9381112262518,0.8958966413778494
xgboost,trusted_registry_lifecycle_stack_without_oem_number,random_search_036,log,39,2033,39.642429692056304,166.95706755772443,0.913290640989556
xgboost,trusted_recommended_features,random_search_041,raw,67,1305,39.66125438818923,200.3473770918742,0.8751398990660226
xgboost,trusted_registry_lifecycle_stack,random_search_069,log,40,1657,39.713046308397104,155.83694472479064,0.9244564813413687
xgboost,trusted_registry_lifecycle_stack,random_search_062,raw,40,1039,39.72306621544739,180.25910457987692,0.8989233642677157
xgboost,trusted_recommended_features_without_date_offsets_without_oem_number,random_search_037,log,65,1830,39.84759941274107,173.3965441418407,0.9064729503412639
xgboost,trusted_extended_traficom_stack,random_search_062,raw,62,1674,39.89457097479829,172.2065714222611,0.9077522462576253
xgboost,trusted_registry_lifecycle_stack_without_oem_number,random_search_041,raw,39,1305,39.909050351871834,182.35190407962364,0.8965627503290137
xgboost,trusted_recommended_features_without_date_offsets_without_oem_number,random_search_069,log,65,1657,39.97994284043512,157.31672672978334,0.9230149914241127
xgboost,trusted_manual_all_features_usable_by_xgboost,random_search_069,log,63,1657,40.03725598349493,149.0500834902308,0.9308931962828698
xgboost,trusted_extended_traficom_stack,raw_absoluteerror_balanced,raw,62,787,40.061671777954466,173.8998065897543,0.9059292606418101
xgboost,trusted_registry_lifecycle_stack,random_search_007,raw,40,1242,40.07410507518346,177.50253559990506,0.9019911074318955
xgboost,trusted_extended_traficom_stack,random_search_007,raw,62,1861,40.17897226300869,157.32452264808657,0.9230073611648166
xgboost,trusted_registry_lifecycle_stack_without_oem_number,random_search_057,log,39,1794,40.434943247499184,156.7652285113715,0.9235538111158855
xgboost,trusted_registry_lifecycle_stack_without_oem_number,random_search_042,raw,39,1931,40.46267601089975,190.33960286404468,0.8873023974860859
xgboost,trusted_registry_lifecycle_stack,random_search_041,raw,40,1254,40.51200102901515,196.07379720694473,0.8804098312878869
xgboost,trusted_recommended_features,raw_absoluteerror_balanced,raw,67,1748,40.66216054027641,177.1229310818728,0.9024098601629943
xgboost,trusted_registry_lifecycle_stack,random_search_042,raw,40,1183,40.70992688167159,194.39658938663516,0.8824470203727767
xgboost,trusted_recommended_features,random_search_003,raw,67,2713,40.762610400817046,169.0085173716997,0.9111467038453662
xgboost,trusted_recommended_features,random_search_042,raw,67,1267,40.868085070486394,199.0697477252075,0.8767273047322324
xgboost,trusted_extended_traficom_stack,random_search_042,raw,62,1110,40.99813594648724,203.4218326028131,0.8712783836747726
xgboost,trusted_extended_traficom_stack,random_search_069,log,62,1657,40.998417860522395,155.0425223895843,0.9252247265213291
xgboost,trusted_manual_all_features_usable_by_xgboost,random_search_036,log,63,2047,41.1753667350428,173.62439147344156,0.9062269951561452
xgboost,trusted_manual_all_features_usable_by_xgboost,random_search_005,log,63,2996,41.310112101558246,190.3601611908011,0.8872780515357579
xgboost,trusted_extended_traficom_stack,random_search_057,log,62,1794,41.32805359962681,158.93345734837186,0.9214245238849852
xgboost,trusted_registry_lifecycle_stack,random_search_003,raw,40,2694,41.37516382284035,176.3466146653311,0.9032634458641373
xgboost,trusted_registry_lifecycle_stack,random_search_037,log,40,1828,41.50841699555614,165.95908618231678,0.9143241485652245
xgboost,trusted_recommended_features_without_date_offsets_without_oem_number,random_search_003,raw,65,2692,41.53404018205606,194.10628136072947,0.8827978608025108
xgboost,trusted_recommended_features_without_date_offsets,random_search_020,raw,66,930,41.558137898419716,193.17961544901138,0.8839142386987611
xgboost,trusted_extended_traficom_stack,random_search_005,log,62,2993,41.650561577835944,184.43978664517763,0.8941805300578225
xgboost,trusted_recommended_features,random_search_057,log,67,1794,41.74879145369803,165.47420363637167,0.9148240553585036
xgboost,trusted_recommended_features_without_date_offsets_without_oem_number,random_search_042,raw,65,1879,41.78127046475543,198.7650805682234,0.8771043424517743
xgboost,trusted_registry_lifecycle_stack,random_search_036,log,40,2047,41.86642108418501,179.75961961317222,0.8994827403198689
xgboost,trusted_manual_all_features_usable_by_xgboost,random_search_020,raw,63,512,42.09921847626329,198.12974476282076,0.877888738013231
xgboost,trusted_extended_traficom_stack,random_search_003,raw,62,2705,42.13263512086841,179.99055480245926,0.8992243076066166
xgboost,trusted_manual_all_features_usable_by_xgboost,random_search_057,log,63,1794,42.217092110433285,168.2340642325001,0.9119591487310028
xgboost,trusted_recommended_features_without_date_offsets,raw_absoluteerror_balanced,raw,66,1093,42.239475158095146,193.9367036765905,0.8830025547004144
xgboost,trusted_manual_all_features_usable_by_xgboost,random_search_007,raw,63,1095,42.32635498001704,169.78378529994515,0.9103296668679068
xgboost,trusted_recommended_features_without_date_offsets,random_search_069,log,66,1657,42.395772170844594,169.61449615553562,0.9105083959020576
xgboost,trusted_extended_traficom_stack,random_search_020,raw,62,644,42.416688050201756,199.02980058953761,0.876776773795735
xgboost,trusted_manual_all_features_usable_by_xgboost,random_search_042,raw,63,1070,42.65513823324579,209.02625723862081,0.8640879234288963
xgboost,trusted_registry_lifecycle_stack_without_oem_number,random_search_012,raw,39,1208,42.65626990779608,195.59702267398166,0.8809907169084662
xgboost,trusted_recommended_features_without_date_offsets,random_search_057,log,66,1783,42.66315000932202,171.42536522290058,0.9085873021794822
xgboost,trusted_manual_all_features_usable_by_xgboost,random_search_003,raw,63,2590,42.708248327694534,190.36570548776976,0.8872714853188101
xgboost,trusted_recommended_features_without_date_offsets_without_oem_number,random_search_010,raw,65,1239,43.01668930911961,193.39248615789054,0.883658260620548
xgboost,trusted_recommended_features,random_search_069,log,67,1657,43.11198848586185,172.4403580124414,0.9075016062646062
xgboost,trusted_recommended_features_without_date_offsets,random_search_042,raw,66,1936,43.114645909274934,209.41842799439314,0.8635774541379193
xgboost,trusted_extended_traficom_stack,random_search_006,raw,62,1273,43.12443720002793,199.6128535081898,0.8760537574783516
xgboost,trusted_recommended_features_without_date_offsets_without_oem_number,random_search_006,raw,65,1264,43.224229488067905,202.27181115011993,0.8727296947340586
xgboost,trusted_extended_traficom_stack,random_search_036,log,62,1996,43.27292772550022,185.189014038735,0.8933190686817785
xgboost,trusted_manual_all_features_usable_by_xgboost,random_search_006,raw,63,1270,43.27584961913194,194.47430465820497,0.8823530116468231
xgboost,trusted_recommended_features_without_date_offsets_without_oem_number,random_search_012,raw,65,1154,43.379991265992004,189.28018620313412,0.888553439807237
xgboost,trusted_recommended_features,random_search_006,raw,67,1244,43.4692597239592,197.65669704029713,0.8784711391690009
xgboost,trusted_registry_lifecycle_stack,random_search_006,raw,40,1272,43.70069021357101,203.7902013664308,0.8708117675315635
xgboost,trusted_recommended_features,random_search_036,log,67,2047,43.70786190110833,184.3371945422795,0.8942982185764277
xgboost,trusted_registry_lifecycle_stack,raw_absoluteerror_balanced,raw,40,1742,43.75333413755916,177.77575917764764,0.9016891517479521
xgboost,trusted_recommended_features_without_date_offsets,random_search_006,raw,66,1273,43.80648458920124,203.89467863857976,0.8706792715248862
xgboost,trusted_recommended_features_without_date_offsets,random_search_003,raw,66,514,43.85306226686305,191.02051086111,0.8864946417276601
xgboost,trusted_manual_all_features_usable_by_xgboost,raw_absoluteerror_balanced,raw,63,1753,43.8856099044592,181.44788500166783,0.8975857992416008
xgboost,trusted_registry_lifecycle_stack,random_search_005,log,40,2879,43.88861111677476,192.1978776903796,0.8850911350096791
xgboost,trusted_recommended_features,random_search_037,log,67,1830,43.95255980629393,175.00073400098273,0.904734401565572
xgboost,trusted_registry_lifecycle_stack_without_oem_number,random_search_013,log,39,1776,44.01214249951367,179.12814227604824,0.9001877137960599
xgboost,trusted_recommended_features,random_search_020,raw,67,859,44.06181450816145,185.09656429055332,0.8934255562451552
xgboost,trusted_manual_all_features_usable_by_xgboost,random_search_037,log,63,1827,44.25739506120369,188.6359366918253,0.8893108059345619
xgboost,trusted_recommended_features_without_date_offsets,random_search_010,raw,66,966,44.32272392394911,207.2121175426541,0.8664368487147013
xgboost,trusted_recommended_features_without_date_offsets,random_search_037,log,66,1827,44.5006265416175,181.39046491277418,0.8976506079555047
xgboost,trusted_registry_lifecycle_stack,random_search_020,raw,40,543,44.68714234491577,182.58026960946066,0.8963035120890495
xgboost,trusted_registry_lifecycle_stack_without_oem_number,random_search_006,raw,39,1266,44.7031297452214,208.68440211645517,0.8645321187799553
xgboost,trusted_extended_traficom_stack,random_search_010,raw,62,892,44.876598005819915,202.93789261299708,0.8718901119127749
xgboost,trusted_extended_traficom_stack,log_absoluteerror_regularized,log,62,2588,44.879292004822624,192.67280766932325,0.884522542967656
xgboost,trusted_recommended_features_without_date_offsets,random_search_005,log,66,2966,45.19971055223685,204.72147060994874,0.8696283552035984
xgboost,trusted_recommended_features_without_date_offsets,random_search_036,log,66,2041,45.30617763684719,194.0194652156094,0.8829026772196351
xgboost,trusted_recommended_features_without_date_offsets_without_oem_number,random_search_013,log,65,1788,45.37950279514015,188.26440420526046,0.8897463977228451
xgboost,trusted_recommended_features,random_search_010,raw,67,1356,45.44151187758956,217.815691260619,0.8524175604578814
xgboost,trusted_registry_lifecycle_stack,log_absoluteerror_regularized,log,40,2589,45.446229278711975,200.3692117867712,0.8751126820311994
xgboost,trusted_recommended_features,random_search_005,log,67,2986,45.53343605427694,202.13033432643925,0.8729076681397975
xgboost,trusted_registry_lifecycle_stack,random_search_010,raw,40,643,45.556160461895566,202.05525713157058,0.8730020623212101
xgboost,trusted_recommended_features_without_date_offsets,log_absoluteerror_regularized,log,66,2594,45.589465714620935,189.86787243233508,0.8878603161687668
xgboost,trusted_manual_all_features_usable_by_xgboost,log_absoluteerror_regularized,log,63,2595,45.782302908586416,193.91821089361784,0.8830248661573807
xgboost,trusted_extended_traficom_stack,random_search_037,log,62,1826,46.61947133182851,198.370679342422,0.8775915719908081
xgboost,trusted_manual_all_features_usable_by_xgboost,random_search_010,raw,63,717,46.694597632056364,205.4259929882038,0.8687294970090151
xgboost,trusted_recommended_features,log_absoluteerror_regularized,log,67,2599,46.73279283495547,191.69717828144402,0.8856890589702524
xgboost,trusted_extended_traficom_stack,random_search_012,raw,62,1181,48.35601007744997,206.5947008181662,0.8672316021085871
xgboost,trusted_registry_lifecycle_stack,random_search_013,log,40,1756,48.6482989175847,204.097828284949,0.8704214467678544
xgboost,trusted_registry_lifecycle_stack_without_oem_number,random_search_025,log,39,2354,48.731264428004394,200.09540456158206,0.8754537692241026
xgboost,trusted_recommended_features_without_date_offsets_without_oem_number,random_search_025,log,65,2353,49.13765095835593,204.77142630349812,0.8695647214231645
xgboost,trusted_recommended_features_without_date_offsets,random_search_025,log,66,2354,49.89098537357574,212.15516105154055,0.85998854723567
xgboost,trusted_registry_lifecycle_stack,random_search_025,log,40,2344,50.29951878508651,204.90126660612245,0.869399257660831
xgboost,trusted_manual_all_features_usable_by_xgboost,random_search_025,log,63,2353,50.44257858632809,211.83094258973333,0.8604161551385634
xgboost,trusted_recommended_features,random_search_025,log,67,2354,50.47765906499708,212.08357164017275,0.8600830219239719
xgboost,trusted_recommended_features,random_search_012,raw,67,987,50.78696726408846,210.8353225634907,0.8617251790185835
xgboost,trusted_recommended_features_without_date_offsets,random_search_012,raw,66,1670,50.99532511763633,202.04855356914922,0.8730104889713486
xgboost,trusted_recommended_features,random_search_013,log,67,1788,51.120983524690544,211.35700401865944,0.8610400504238667
xgboost,trusted_extended_traficom_stack,random_search_025,log,62,2354,51.345684708127365,211.8179377099884,0.8604332934789054
xgboost,trusted_extended_traficom_stack,random_search_013,log,62,1777,51.34804500830195,208.4761872726859,0.8648023100540483
xgboost,trusted_manual_all_features_usable_by_xgboost,random_search_013,log,63,1785,51.416246422392454,202.6734146821515,0.8722238116397805
xgboost,trusted_manual_all_features_usable_by_xgboost,random_search_012,raw,63,1489,51.67448975205633,213.8353075118831,0.8577621462645275
xgboost,trusted_recommended_features_without_date_offsets,random_search_013,log,66,1785,52.913070270284805,216.2967045383825,0.8544687817885341
xgboost,trusted_registry_lifecycle_stack,random_search_012,raw,40,1183,53.74597532047613,212.66826580660864,0.8593104829711383
